{
    "rasa_nlu_data": {
        "regex_features": [
            {
                "name": "zipcode",
                "pattern": "[0-9]{5}"
            },
            {
                "name": "greet",
                "pattern": "hey[^\\s]*"
            },
            {
                "name": "interested",
                "pattern": "ye*"
            },
            {
                "name": "city",
                "pattern": "[a-zA-ZA-z]+[nagar|pur|bad|ore|garh|dwar|ganj|bagh]$"
            },
            {
                "name": "email",
                "pattern": "[a-zA-Z0-9_.+]+@[a-zA-Z]+[.][a-zA-Z0-9-.]+$"
            }
        ],
        "lookup_tables": [
            {
                "name": "cuisine",
                "elements": "data/valid_cuisines.txt"
            },
            {
                "name": "city",
                "elements": "data/valid_tiercities.txt"
            }
        ],
        "entity_synonyms": [
            {
                "value": "Delhi",
                "synonyms": [
                    "dili",
                    "dilli",
                    "new delhi",
                    "newdelhi"
                ]
            },
            {
                "value": "Bangalore",
                "synonyms": [
                    "bengaluru",
                    "bangaluru",
                    "bengalluru",
                    "B'lore"
                ]
            },
            {
                "value": "Chennai",
                "synonyms": [
                    "madras"
                ]
            },
            {
                "value": "Ahmedabad",
                "synonyms": [
                    "amdabad",
                    "amdavad"
                ]
            },
            {
                "value": "mumbai",
                "synonyms": [
                    "bombay"
                ]
            },
            {
                "value": "Kolkata",
                "synonyms": [
                    "calcutta",
                    "kolkatta"
                ]
            },
            {
                "value": "pune",
                "synonyms": [
                    "puna",
                    "poona",
                    "Pune"
                ]
            },
            {
                "value": "ajmer",
                "synonyms": [
                    "ajhmer",
                    "ajmar"
                ]
            },
            {
                "value": "aurangabad",
                "synonyms": [
                    "arangabad",
                    "aorangabad"
                ]
            },
            {
                "value": "Bareilly",
                "synonyms": [
                    "barely",
                    "barelly",
                    "bareily"
                ]
            },
            {
                "value": "Belgaum",
                "synonyms": [
                    "belgao",
                    "belgaon",
                    "belgam"
                ]
            },
            {
                "value": "Bokaro Steel city",
                "synonyms": [
                    "Bokaro city",
                    "steel city",
                    "bokaro"
                ]
            },
            {
                "value": "Chandigarh",
                "synonyms": [
                    "chandigad"
                ]
            },
            {
                "value": "Cuttack",
                "synonyms": [
                    "cutack",
                    "katak",
                    "kuttack"
                ]
            },
            {
                "value": "Bhilai",
                "synonyms": [
                    "bhillai"
                ]
            },
            {
                "value": "Gwalior",
                "synonyms": [
                    "gawalior",
                    "gabalior",
                    "gwalir"
                ]
            },
            {
                "value": "Guwahati",
                "synonyms": [
                    "guvahati",
                    "guwahathi",
                    "guvahathi"
                ]
            },
            {
                "value": "Hubli-Dharwad",
                "synonyms": [
                    "hubli",
                    "dharwad",
                    "hubli-darwad",
                    "hubli dharwad",
                    "hubli-dharwadh"
                ]
            },
            {
                "value": "Jaipur",
                "synonyms": [
                    "pinkcity",
                    "jaipoor",
                    "pink city"
                ]
            },
            {
                "value": "Jhansi",
                "synonyms": [
                    "zansi",
                    "jansi"
                ]
            },
            {
                "value": "Kochi",
                "synonyms": [
                    "cochin"
                ]
            },
            {
                "value": "Kozhikode",
                "synonyms": [
                    "kozikode",
                    "kozhikod",
                    "calicut"
                ]
            },
            {
                "value": "Lucknow",
                "synonyms": [
                    "lucknou",
                    "lucnou"
                ]
            },
            {
                "value": "Madurai",
                "synonyms": [
                    "Madhurai"
                ]
            },
            {
                "value": "Mangalore",
                "synonyms": [
                    "mangalor",
                    "mangalluru",
                    "mangaluru"
                ]
            },
            {
                "value": "Meerut",
                "synonyms": [
                    "mirut"
                ]
            },
            {
                "value": "Mysore",
                "synonyms": [
                    "mysuru"
                ]
            },
            {
                "value": "Nagpur",
                "synonyms": [
                    "orange city",
                    "orangecity"
                ]
            },
            {
                "value": "Nashik",
                "synonyms": [
                    "nasik"
                ]
            },
            {
                "value": "Patna",
                "synonyms": [
                    "pataliputra"
                ]
            },
            {
                "value": "Pondicherry",
                "synonyms": [
                    "pondichery",
                    "puducherry",
                    "pudducherry"
                ]
            },
            {
                "value": "Prayagraj",
                "synonyms": [
                    "prayag",
                    "illahabad",
                    "ilahabad"
                ]
            },
            {
                "value": "Rajahmundry",
                "synonyms": [
                    "Rajamahendravaram"
                ]
            },
            {
                "value": "Shimla",
                "synonyms": [
                    "simla"
                ]
            },
            {
                "value": "Siliguri",
                "synonyms": [
                    "silliguri",
                    "siligudi"
                ]
            },
            {
                "value": "Solapur",
                "synonyms": [
                    "solahpur"
                ]
            },
            {
                "value": "Srinagar",
                "synonyms": [
                    "shrinagar"
                ]
            },
            {
                "value": "Tiruppur",
                "synonyms": [
                    "tirupur"
                ]
            },
            {
                "value": "Ujjain",
                "synonyms": [
                    "ujain"
                ]
            },
            {
                "value": "Bijapur",
                "synonyms": [
                    "vijaypura"
                ]
            },
            {
                "value": "Varanasi",
                "synonyms": [
                    "benares",
                    "banaras",
                    "banares",
                    "banares"
                ]
            },
            {
                "value": "Chinese",
                "synonyms": [
                    "chinesse",
                    "chines"
                ]
            },
            {
                "value": "south indian",
                "synonyms": [
                    "southindian",
                    "south"
                ]
            },
            {
                "value": "north indian",
                "synonyms": [
                    "northindian",
                    "north"
                ]
            },
            {
                "value": "mexican",
                "synonyms": [
                    "mexico",
                    "texmex",
                    "tex-mex"
                ]
            },
            {
                "value": "lesser than 300",
                "synonyms": [
                    "<300",
                    "less 300",
                    "less than 300",
                    "lower 300",
                  "300 or less",
                  "< 300"
                ]
            },
            {
                "value": "between 300 to 700",
                "synonyms": [
                    "bw 300 and 700",
                    "300-700",
                    "bw 300 & 700",
                  "btw 300-700",
                  "bt 300"
                ]
            },
            {
                "value": "more than 700",
                "synonyms": [
                    ">700",
                  "mt 700",
                  "> 700"
                ]
            },
            {
                "value": "yes",
                "synonyms": [
                    "positive",
                    "Yes",
                    "ye",
                    "y",
                    "of course",
                    "thanks"
                ]
            }
        ],
        "common_examples": [
            {
                "text": "where to eat nearby Pune",
                "intent": "findRestaurants_CLB",
                "entities": [
                    {
                        "end": 24,
                        "entity": "city",
                        "start": 20,
                        "value": "Pune"
                    }
                ]
            },
            {
                "text": "hello plz please help me find good restaurants in Bijapur city thanks",
                "intent": "findRestaurants_CLB",
                "entities": [
                    {
                        "end": 57,
                        "entity": "city",
                        "start": 50,
                        "value": "Bijapur"
                    }
                ]
            },
            {
                "text": "pls find me some Mexican places to eat Chinese near Malappuram",
                "intent": "findRestaurants_CLB",
                "entities": [
                    {
                        "end": 24,
                        "entity": "cuisine",
                        "start": 17,
                        "value": "Mexican"
                    },
                    {
                        "end": 46,
                        "entity": "cuisine",
                        "start": 39,
                        "value": "Chinese"
                    },
                    {
                        "end": 62,
                        "entity": "city",
                        "start": 52,
                        "value": "Malappuram"
                    }
                ]
            },
            {
                "text": "plz please help me find Mexican good restaurants Mexican in Noida",
                "intent": "findRestaurants_CLB",
                "entities": [
                    {
                        "end": 31,
                        "entity": "cuisine",
                        "start": 24,
                        "value": "Mexican"
                    },
                    {
                        "end": 56,
                        "entity": "cuisine",
                        "start": 49,
                        "value": "Mexican"
                    },
                    {
                        "end": 65,
                        "entity": "city",
                        "start": 60,
                        "value": "Noida"
                    }
                ]
            },
            {
                "text": "i need to find Mexican restaurants North Indian in the area of Warangal",
                "intent": "findRestaurants_CLB",
                "entities": [
                    {
                        "end": 22,
                        "entity": "cuisine",
                        "start": 15,
                        "value": "Mexican"
                    },
                    {
                        "end": 47,
                        "entity": "cuisine",
                        "start": 35,
                        "value": "North Indian"
                    },
                    {
                        "end": 71,
                        "entity": "city",
                        "start": 63,
                        "value": "Warangal"
                    }
                ]
            },
            {
                "text": "please help me find Italian places to eat Italian in Mathura",
                "intent": "findRestaurants_CLB",
                "entities": [
                    {
                        "end": 27,
                        "entity": "cuisine",
                        "start": 20,
                        "value": "Italian"
                    },
                    {
                        "end": 49,
                        "entity": "cuisine",
                        "start": 42,
                        "value": "Italian"
                    },
                    {
                        "end": 60,
                        "entity": "city",
                        "start": 53,
                        "value": "Mathura"
                    }
                ]
            },
            {
                "text": "modern places to eat in Rajkot",
                "intent": "findRestaurants_CLB",
                "entities": [
                    {
                        "end": 30,
                        "entity": "city",
                        "start": 24,
                        "value": "Rajkot"
                    }
                ]
            },
            {
                "text": "places to eat located at Kolkata",
                "intent": "findRestaurants_CLB",
                "entities": [
                    {
                        "end": 32,
                        "entity": "city",
                        "start": 25,
                        "value": "Kolkata"
                    }
                ]
            },
            {
                "text": "hey plz help me find good restaurants located at Lucknow thanks",
                "intent": "findRestaurants_CLB",
                "entities": [
                    {
                        "end": 56,
                        "entity": "city",
                        "start": 49,
                        "value": "Lucknow"
                    }
                ]
            },
            {
                "text": "pls Mexican good restaurants South Indian in Visakhapatnam",
                "intent": "findRestaurants_CLB",
                "entities": [
                    {
                        "end": 11,
                        "entity": "cuisine",
                        "start": 4,
                        "value": "Mexican"
                    },
                    {
                        "end": 41,
                        "entity": "cuisine",
                        "start": 29,
                        "value": "South Indian"
                    },
                    {
                        "end": 58,
                        "entity": "city",
                        "start": 45,
                        "value": "Visakhapatnam"
                    }
                ]
            },
            {
                "text": "restaurants nearby Vasai-Virar City",
                "intent": "findRestaurants_CLB",
                "entities": [
                    {
                        "end": 35,
                        "entity": "city",
                        "start": 19,
                        "value": "Vasai-Virar City"
                    }
                ]
            },
            {
                "text": "hi plz please help me find places to eat nearby Warangal city thank you",
                "intent": "findRestaurants_CLB",
                "entities": [
                    {
                        "end": 56,
                        "entity": "city",
                        "start": 48,
                        "value": "Warangal"
                    }
                ]
            },
            {
                "text": "amazing restaurants located at Mumbai",
                "intent": "findRestaurants_CLB",
                "entities": [
                    {
                        "end": 37,
                        "entity": "city",
                        "start": 31,
                        "value": "Mumbai"
                    }
                ]
            },
            {
                "text": "plz i need to find Italian where to eat South Indian in the area of Mangalore",
                "intent": "findRestaurants_CLB",
                "entities": [
                    {
                        "end": 26,
                        "entity": "cuisine",
                        "start": 19,
                        "value": "Italian"
                    },
                    {
                        "end": 52,
                        "entity": "cuisine",
                        "start": 40,
                        "value": "South Indian"
                    },
                    {
                        "end": 77,
                        "entity": "city",
                        "start": 68,
                        "value": "Mangalore"
                    }
                ]
            },
            {
                "text": "please please help me find South Indian amazing restaurants North Indian in the area of Vellore and Warangal",
                "intent": "findRestaurants_CLB",
                "entities": [
                    {
                        "end": 39,
                        "entity": "cuisine",
                        "start": 27,
                        "value": "South Indian"
                    },
                    {
                        "end": 72,
                        "entity": "cuisine",
                        "start": 60,
                        "value": "North Indian"
                    },
                    {
                        "end": 108,
                        "entity": "city",
                        "start": 88,
                        "value": "Vellore and Warangal"
                    }
                ]
            },
            {
                "text": "pls help me find North Indian amazing restaurants North Indian nearby Ujjain",
                "intent": "findRestaurants_CLB",
                "entities": [
                    {
                        "end": 29,
                        "entity": "cuisine",
                        "start": 17,
                        "value": "North Indian"
                    },
                    {
                        "end": 62,
                        "entity": "cuisine",
                        "start": 50,
                        "value": "North Indian"
                    },
                    {
                        "end": 76,
                        "entity": "city",
                        "start": 70,
                        "value": "Ujjain"
                    }
                ]
            },
            {
                "text": "please i am searchin for Chinese restaurants Italian in the area of Solapur",
                "intent": "findRestaurants_CLB",
                "entities": [
                    {
                        "end": 32,
                        "entity": "cuisine",
                        "start": 25,
                        "value": "Chinese"
                    },
                    {
                        "end": 52,
                        "entity": "cuisine",
                        "start": 45,
                        "value": "Italian"
                    },
                    {
                        "end": 75,
                        "entity": "city",
                        "start": 68,
                        "value": "Solapur"
                    }
                ]
            },
            {
                "text": "modern places to eat near Vellore",
                "intent": "findRestaurants_CLB",
                "entities": [
                    {
                        "end": 33,
                        "entity": "city",
                        "start": 26,
                        "value": "Vellore"
                    }
                ]
            },
            {
                "text": "modern places to eat in the area of Siliguri",
                "intent": "findRestaurants_CLB",
                "entities": [
                    {
                        "end": 44,
                        "entity": "city",
                        "start": 36,
                        "value": "Siliguri"
                    }
                ]
            },
            {
                "text": "pls find me North Indian good restaurants Chinese nearby Siliguri",
                "intent": "findRestaurants_CLB",
                "entities": [
                    {
                        "end": 24,
                        "entity": "cuisine",
                        "start": 12,
                        "value": "North Indian"
                    },
                    {
                        "end": 49,
                        "entity": "cuisine",
                        "start": 42,
                        "value": "Chinese"
                    },
                    {
                        "end": 65,
                        "entity": "city",
                        "start": 57,
                        "value": "Siliguri"
                    }
                ]
            },
            {
                "text": "hey plz find me some where to eat in Vellore and Warangal thanks",
                "intent": "findRestaurants_CLB",
                "entities": [
                    {
                        "end": 57,
                        "entity": "city",
                        "start": 37,
                        "value": "Vellore and Warangal"
                    }
                ]
            },
            {
                "text": "i am searchin for Mexican restaurants Italian nearby Noida",
                "intent": "findRestaurants_CLB",
                "entities": [
                    {
                        "end": 25,
                        "entity": "cuisine",
                        "start": 18,
                        "value": "Mexican"
                    },
                    {
                        "end": 45,
                        "entity": "cuisine",
                        "start": 38,
                        "value": "Italian"
                    },
                    {
                        "end": 58,
                        "entity": "city",
                        "start": 53,
                        "value": "Noida"
                    }
                ]
            },
            {
                "text": "places to eat in Goa",
                "intent": "findRestaurants_CLB",
                "entities": [
                    {
                        "end": 20,
                        "entity": "city",
                        "start": 17,
                        "value": "Goa"
                    }
                ]
            },
            {
                "text": "pls Chinese places to eat American nearby Pune",
                "intent": "findRestaurants_CLB",
                "entities": [
                    {
                        "end": 11,
                        "entity": "cuisine",
                        "start": 4,
                        "value": "Chinese"
                    },
                    {
                        "end": 34,
                        "entity": "cuisine",
                        "start": 26,
                        "value": "American"
                    },
                    {
                        "end": 46,
                        "entity": "city",
                        "start": 42,
                        "value": "Pune"
                    }
                ]
            },
            {
                "text": "please find me Chinese good restaurants South Indian in Shimla",
                "intent": "findRestaurants_CLB",
                "entities": [
                    {
                        "end": 22,
                        "entity": "cuisine",
                        "start": 15,
                        "value": "Chinese"
                    },
                    {
                        "end": 52,
                        "entity": "cuisine",
                        "start": 40,
                        "value": "South Indian"
                    },
                    {
                        "end": 62,
                        "entity": "city",
                        "start": 56,
                        "value": "Shimla"
                    }
                ]
            },
            {
                "text": "plz find me some Chinese where to eat Chinese in the area of Vijayawada",
                "intent": "findRestaurants_CLB",
                "entities": [
                    {
                        "end": 24,
                        "entity": "cuisine",
                        "start": 17,
                        "value": "Chinese"
                    },
                    {
                        "end": 45,
                        "entity": "cuisine",
                        "start": 38,
                        "value": "Chinese"
                    },
                    {
                        "end": 71,
                        "entity": "city",
                        "start": 61,
                        "value": "Vijayawada"
                    }
                ]
            },
            {
                "text": "hello plz i'm looking for good restaurants in the area of Noida city thanks",
                "intent": "findRestaurants_CLB",
                "entities": [
                    {
                        "end": 63,
                        "entity": "city",
                        "start": 58,
                        "value": "Noida"
                    }
                ]
            },
            {
                "text": "hi plz i'm looking for modern places to eat in the area of Mangalore thanks",
                "intent": "findRestaurants_CLB",
                "entities": [
                    {
                        "end": 68,
                        "entity": "city",
                        "start": 59,
                        "value": "Mangalore"
                    }
                ]
            },
            {
                "text": "please i'm looking for North Indian places to eat North Indian located at Hyderabad",
                "intent": "findRestaurants_CLB",
                "entities": [
                    {
                        "end": 35,
                        "entity": "cuisine",
                        "start": 23,
                        "value": "North Indian"
                    },
                    {
                        "end": 62,
                        "entity": "cuisine",
                        "start": 50,
                        "value": "North Indian"
                    },
                    {
                        "end": 83,
                        "entity": "city",
                        "start": 74,
                        "value": "Hyderabad"
                    }
                ]
            },
            {
                "text": "good restaurants near Delhi",
                "intent": "findRestaurants_CLB",
                "entities": [
                    {
                        "end": 27,
                        "entity": "city",
                        "start": 22,
                        "value": "Delhi"
                    }
                ]
            },
            {
                "text": "hi plz find me where to eat nearby Vellore",
                "intent": "findRestaurants_CLB",
                "entities": [
                    {
                        "end": 42,
                        "entity": "city",
                        "start": 35,
                        "value": "Vellore"
                    }
                ]
            },
            {
                "text": "please Chinese good restaurants Mexican nearby Tiruchirappalli",
                "intent": "findRestaurants_CLB",
                "entities": [
                    {
                        "end": 14,
                        "entity": "cuisine",
                        "start": 7,
                        "value": "Chinese"
                    },
                    {
                        "end": 39,
                        "entity": "cuisine",
                        "start": 32,
                        "value": "Mexican"
                    },
                    {
                        "end": 62,
                        "entity": "city",
                        "start": 47,
                        "value": "Tiruchirappalli"
                    }
                ]
            },
            {
                "text": "good restaurants in Trichy",
                "intent": "findRestaurants_CLB",
                "entities": [
                    {
                        "end": 26,
                        "entity": "city",
                        "start": 20,
                        "value": "Trichy"
                    }
                ]
            },
            {
                "text": "hey pls i am searchin for restaurants near Bijapur city thanks",
                "intent": "findRestaurants_CLB",
                "entities": [
                    {
                        "end": 50,
                        "entity": "city",
                        "start": 43,
                        "value": "Bijapur"
                    }
                ]
            },
            {
                "text": "i am searchin for Chinese places to eat American in Ahmedabad",
                "intent": "findRestaurants_CLB",
                "entities": [
                    {
                        "end": 25,
                        "entity": "cuisine",
                        "start": 18,
                        "value": "Chinese"
                    },
                    {
                        "end": 48,
                        "entity": "cuisine",
                        "start": 40,
                        "value": "American"
                    },
                    {
                        "end": 61,
                        "entity": "city",
                        "start": 52,
                        "value": "Ahmedabad"
                    }
                ]
            },
            {
                "text": "modern places to eat located at Kolkata",
                "intent": "findRestaurants_CLB",
                "entities": [
                    {
                        "end": 39,
                        "entity": "city",
                        "start": 32,
                        "value": "Kolkata"
                    }
                ]
            },
            {
                "text": "hey plz please help me find modern places to eat in the area of Hyderabad",
                "intent": "findRestaurants_CLB",
                "entities": [
                    {
                        "end": 73,
                        "entity": "city",
                        "start": 64,
                        "value": "Hyderabad"
                    }
                ]
            },
            {
                "text": "plz i am searchin for South Indian amazing restaurants North Indian in the area of Ludhiana",
                "intent": "findRestaurants_CLB",
                "entities": [
                    {
                        "end": 34,
                        "entity": "cuisine",
                        "start": 22,
                        "value": "South Indian"
                    },
                    {
                        "end": 67,
                        "entity": "cuisine",
                        "start": 55,
                        "value": "North Indian"
                    },
                    {
                        "end": 91,
                        "entity": "city",
                        "start": 83,
                        "value": "Ludhiana"
                    }
                ]
            },
            {
                "text": "hey please help me find amazing restaurants in Delhi thank you",
                "intent": "findRestaurants_CLB",
                "entities": [
                    {
                        "end": 52,
                        "entity": "city",
                        "start": 47,
                        "value": "Delhi"
                    }
                ]
            },
            {
                "text": "where to eat near Goa",
                "intent": "findRestaurants_CLB",
                "entities": [
                    {
                        "end": 21,
                        "entity": "city",
                        "start": 18,
                        "value": "Goa"
                    }
                ]
            },
            {
                "text": "i need to find North Indian modern places to eat North Indian in the area of Madurai",
                "intent": "findRestaurants_CLB",
                "entities": [
                    {
                        "end": 27,
                        "entity": "cuisine",
                        "start": 15,
                        "value": "North Indian"
                    },
                    {
                        "end": 61,
                        "entity": "cuisine",
                        "start": 49,
                        "value": "North Indian"
                    },
                    {
                        "end": 84,
                        "entity": "city",
                        "start": 77,
                        "value": "Madurai"
                    }
                ]
            },
            {
                "text": "hello please help me find amazing restaurants nearby Mathura",
                "intent": "findRestaurants_CLB",
                "entities": [
                    {
                        "end": 60,
                        "entity": "city",
                        "start": 53,
                        "value": "Mathura"
                    }
                ]
            },
            {
                "text": "hey plz i am searchin for restaurants located at Warangal thank you",
                "intent": "findRestaurants_CLB",
                "entities": [
                    {
                        "end": 57,
                        "entity": "city",
                        "start": 49,
                        "value": "Warangal"
                    }
                ]
            },
            {
                "text": "hi please i am searching good restaurants in the area of Vellore thanks",
                "intent": "findRestaurants_CLB",
                "entities": [
                    {
                        "end": 64,
                        "entity": "city",
                        "start": 57,
                        "value": "Vellore"
                    }
                ]
            },
            {
                "text": "hey i need to find amazing restaurants located at Vasai-Virar City thank you",
                "intent": "findRestaurants_CLB",
                "entities": [
                    {
                        "end": 66,
                        "entity": "city",
                        "start": 50,
                        "value": "Vasai-Virar City"
                    }
                ]
            },
            {
                "text": "places to eat nearby Malappuram",
                "intent": "findRestaurants_CLB",
                "entities": [
                    {
                        "end": 31,
                        "entity": "city",
                        "start": 21,
                        "value": "Malappuram"
                    }
                ]
            },
            {
                "text": "hey please please help me find amazing restaurants near Hyderabad city thank you",
                "intent": "findRestaurants_CLB",
                "entities": [
                    {
                        "end": 65,
                        "entity": "city",
                        "start": 56,
                        "value": "Hyderabad"
                    }
                ]
            },
            {
                "text": "pls find me some Mexican modern places to eat North Indian in Shimla",
                "intent": "findRestaurants_CLB",
                "entities": [
                    {
                        "end": 24,
                        "entity": "cuisine",
                        "start": 17,
                        "value": "Mexican"
                    },
                    {
                        "end": 58,
                        "entity": "cuisine",
                        "start": 46,
                        "value": "North Indian"
                    },
                    {
                        "end": 68,
                        "entity": "city",
                        "start": 62,
                        "value": "Shimla"
                    }
                ]
            },
            {
                "text": "amazing restaurants nearby Delhi",
                "intent": "findRestaurants_CLB",
                "entities": [
                    {
                        "end": 32,
                        "entity": "city",
                        "start": 27,
                        "value": "Delhi"
                    }
                ]
            },
            {
                "text": "amazing restaurants located at Madurai",
                "intent": "findRestaurants_CLB",
                "entities": [
                    {
                        "end": 38,
                        "entity": "city",
                        "start": 31,
                        "value": "Madurai"
                    }
                ]
            },
            {
                "text": "plz i need to find Italian where to eat American nearby Solapur",
                "intent": "findRestaurants_CLB",
                "entities": [
                    {
                        "end": 26,
                        "entity": "cuisine",
                        "start": 19,
                        "value": "Italian"
                    },
                    {
                        "end": 48,
                        "entity": "cuisine",
                        "start": 40,
                        "value": "American"
                    },
                    {
                        "end": 63,
                        "entity": "city",
                        "start": 56,
                        "value": "Solapur"
                    }
                ]
            },
            {
                "text": "hello plz please help me find good restaurants in Thiruvananthapuram",
                "intent": "findRestaurants_CLB",
                "entities": [
                    {
                        "end": 68,
                        "entity": "city",
                        "start": 50,
                        "value": "Thiruvananthapuram"
                    }
                ]
            },
            {
                "text": "hello i am searchin for modern places to eat located at Sangli city thanks",
                "intent": "findRestaurants_CLB",
                "entities": [
                    {
                        "end": 62,
                        "entity": "city",
                        "start": 56,
                        "value": "Sangli"
                    }
                ]
            },
            {
                "text": "where to eat in the area of Nanded",
                "intent": "findRestaurants_CLB",
                "entities": [
                    {
                        "end": 34,
                        "entity": "city",
                        "start": 28,
                        "value": "Nanded"
                    }
                ]
            },
            {
                "text": "please find me amazing restaurants in the area of Malappuram",
                "intent": "findRestaurants_CLB",
                "entities": [
                    {
                        "end": 60,
                        "entity": "city",
                        "start": 50,
                        "value": "Malappuram"
                    }
                ]
            },
            {
                "text": "pls i need to find modern places to eat in the area of Mysore city thanks",
                "intent": "findRestaurants_CLB",
                "entities": [
                    {
                        "end": 61,
                        "entity": "city",
                        "start": 55,
                        "value": "Mysore"
                    }
                ]
            },
            {
                "text": "good restaurants in the area of Sangli",
                "intent": "findRestaurants_CLB",
                "entities": [
                    {
                        "end": 38,
                        "entity": "city",
                        "start": 32,
                        "value": "Sangli"
                    }
                ]
            },
            {
                "text": "where to eat in dilli",
                "intent": "findRestaurants_CLB",
                "entities": [
                    {
                        "end": 20,
                        "entity": "city",
                        "start": 16,
                        "value": "dilli"
                    }
                ]
            },
            {
                "text": "pls please help me find Italian places to eat Mexican near Nagpur",
                "intent": "findRestaurants_CLB",
                "entities": [
                    {
                        "end": 31,
                        "entity": "cuisine",
                        "start": 24,
                        "value": "Italian"
                    },
                    {
                        "end": 53,
                        "entity": "cuisine",
                        "start": 46,
                        "value": "Mexican"
                    },
                    {
                        "end": 65,
                        "entity": "city",
                        "start": 59,
                        "value": "Nagpur"
                    }
                ]
            },
            {
                "text": "plz American places to eat South Indian near Sangli",
                "intent": "findRestaurants_CLB",
                "entities": [
                    {
                        "end": 12,
                        "entity": "cuisine",
                        "start": 4,
                        "value": "American"
                    },
                    {
                        "end": 39,
                        "entity": "cuisine",
                        "start": 27,
                        "value": "South Indian"
                    },
                    {
                        "end": 51,
                        "entity": "city",
                        "start": 45,
                        "value": "Sangli"
                    }
                ]
            },
            {
                "text": "pls please help me find South Indian good restaurants Mexican in the area of Hyderabad",
                "intent": "findRestaurants_CLB",
                "entities": [
                    {
                        "end": 36,
                        "entity": "cuisine",
                        "start": 24,
                        "value": "South Indian"
                    },
                    {
                        "end": 61,
                        "entity": "cuisine",
                        "start": 54,
                        "value": "Mexican"
                    },
                    {
                        "end": 86,
                        "entity": "city",
                        "start": 77,
                        "value": "Hyderabad"
                    }
                ]
            },
            {
                "text": "pls i am searchin for Italian good restaurants Chinese in Bijapur",
                "intent": "findRestaurants_CLB",
                "entities": [
                    {
                        "end": 29,
                        "entity": "cuisine",
                        "start": 22,
                        "value": "Italian"
                    },
                    {
                        "end": 54,
                        "entity": "cuisine",
                        "start": 47,
                        "value": "Chinese"
                    },
                    {
                        "end": 65,
                        "entity": "city",
                        "start": 58,
                        "value": "Bijapur"
                    }
                ]
            },
            {
                "text": "i need to find North Indian amazing restaurants South Indian in Thiruvananthapuram",
                "intent": "findRestaurants_CLB",
                "entities": [
                    {
                        "end": 27,
                        "entity": "cuisine",
                        "start": 15,
                        "value": "North Indian"
                    },
                    {
                        "end": 60,
                        "entity": "cuisine",
                        "start": 48,
                        "value": "South Indian"
                    },
                    {
                        "end": 82,
                        "entity": "city",
                        "start": 64,
                        "value": "Thiruvananthapuram"
                    }
                ]
            },
            {
                "text": "hey please i'm looking for restaurants near Mangalore city thank you",
                "intent": "findRestaurants_CLB",
                "entities": [
                    {
                        "end": 53,
                        "entity": "city",
                        "start": 44,
                        "value": "Mangalore"
                    }
                ]
            },
            {
                "text": "hey please help me find modern places to eat nearby Salem thanks",
                "intent": "findRestaurants_CLB",
                "entities": [
                    {
                        "end": 57,
                        "entity": "city",
                        "start": 52,
                        "value": "Salem"
                    }
                ]
            },
            {
                "text": "good restaurants nearby Shimla",
                "intent": "findRestaurants_CLB",
                "entities": [
                    {
                        "end": 30,
                        "entity": "city",
                        "start": 24,
                        "value": "Shimla"
                    }
                ]
            },
            {
                "text": "hi pls find me restaurants nearby Moradabad thanks",
                "intent": "findRestaurants_CLB",
                "entities": [
                    {
                        "end": 43,
                        "entity": "city",
                        "start": 34,
                        "value": "Moradabad"
                    }
                ]
            },
            {
                "text": "please Chinese amazing restaurants South Indian located at Kolkata",
                "intent": "findRestaurants_CLB",
                "entities": [
                    {
                        "end": 14,
                        "entity": "cuisine",
                        "start": 7,
                        "value": "Chinese"
                    },
                    {
                        "end": 47,
                        "entity": "cuisine",
                        "start": 35,
                        "value": "South Indian"
                    },
                    {
                        "end": 66,
                        "entity": "city",
                        "start": 59,
                        "value": "Kolkata"
                    }
                ]
            },
            {
                "text": "find me American places to eat South Indian in Siliguri",
                "intent": "findRestaurants_CLB",
                "entities": [
                    {
                        "end": 16,
                        "entity": "cuisine",
                        "start": 8,
                        "value": "American"
                    },
                    {
                        "end": 43,
                        "entity": "cuisine",
                        "start": 31,
                        "value": "South Indian"
                    },
                    {
                        "end": 55,
                        "entity": "city",
                        "start": 47,
                        "value": "Siliguri"
                    }
                ]
            },
            {
                "text": "pls help me find South Indian amazing restaurants North Indian in the area of Surat",
                "intent": "findRestaurants_CLB",
                "entities": [
                    {
                        "end": 29,
                        "entity": "cuisine",
                        "start": 17,
                        "value": "South Indian"
                    },
                    {
                        "end": 62,
                        "entity": "cuisine",
                        "start": 50,
                        "value": "North Indian"
                    },
                    {
                        "end": 83,
                        "entity": "city",
                        "start": 78,
                        "value": "Surat"
                    }
                ]
            },
            {
                "text": "hi plz amazing restaurants in Moradabad thank you",
                "intent": "findRestaurants_CLB",
                "entities": [
                    {
                        "end": 39,
                        "entity": "city",
                        "start": 30,
                        "value": "Moradabad"
                    }
                ]
            },
            {
                "text": "plz find me some Chinese amazing restaurants American in the area of Trivandrum",
                "intent": "findRestaurants_CLB",
                "entities": [
                    {
                        "end": 24,
                        "entity": "cuisine",
                        "start": 17,
                        "value": "Chinese"
                    },
                    {
                        "end": 53,
                        "entity": "cuisine",
                        "start": 45,
                        "value": "American"
                    },
                    {
                        "end": 79,
                        "entity": "city",
                        "start": 69,
                        "value": "Trivandrum"
                    }
                ]
            },
            {
                "text": "pls i am searchin for North Indian amazing restaurants South Indian nearby Mangalore",
                "intent": "findRestaurants_CLB",
                "entities": [
                    {
                        "end": 34,
                        "entity": "cuisine",
                        "start": 22,
                        "value": "North Indian"
                    },
                    {
                        "end": 67,
                        "entity": "cuisine",
                        "start": 55,
                        "value": "South Indian"
                    },
                    {
                        "end": 84,
                        "entity": "city",
                        "start": 75,
                        "value": "Mangalore"
                    }
                ]
            },
            {
                "text": "plz Mexican modern places to eat American nearby Noida",
                "intent": "findRestaurants_CLB",
                "entities": [
                    {
                        "end": 11,
                        "entity": "cuisine",
                        "start": 4,
                        "value": "Mexican"
                    },
                    {
                        "end": 41,
                        "entity": "cuisine",
                        "start": 33,
                        "value": "American"
                    },
                    {
                        "end": 54,
                        "entity": "city",
                        "start": 49,
                        "value": "Noida"
                    }
                ]
            },
            {
                "text": "hello pls i'm looking for restaurants located at Vasai-Virar City city thank you",
                "intent": "findRestaurants_CLB",
                "entities": [
                    {
                        "end": 65,
                        "entity": "city",
                        "start": 49,
                        "value": "Vasai-Virar City"
                    }
                ]
            },
            {
                "text": "please i am searchin for Mexican restaurants Mexican in Rajahmundry",
                "intent": "findRestaurants_CLB",
                "entities": [
                    {
                        "end": 32,
                        "entity": "cuisine",
                        "start": 25,
                        "value": "Mexican"
                    },
                    {
                        "end": 52,
                        "entity": "cuisine",
                        "start": 45,
                        "value": "Mexican"
                    },
                    {
                        "end": 67,
                        "entity": "city",
                        "start": 56,
                        "value": "Rajahmundry"
                    }
                ]
            },
            {
                "text": "find me some Chinese modern places to eat Italian in Tiruchirappalli",
                "intent": "findRestaurants_CLB",
                "entities": [
                    {
                        "end": 20,
                        "entity": "cuisine",
                        "start": 13,
                        "value": "Chinese"
                    },
                    {
                        "end": 49,
                        "entity": "cuisine",
                        "start": 42,
                        "value": "Italian"
                    },
                    {
                        "end": 68,
                        "entity": "city",
                        "start": 53,
                        "value": "Tiruchirappalli"
                    }
                ]
            },
            {
                "text": "hey please i am searchin for where to eat in Rourkela city thank you",
                "intent": "findRestaurants_CLB",
                "entities": [
                    {
                        "end": 53,
                        "entity": "city",
                        "start": 45,
                        "value": "Rourkela"
                    }
                ]
            },
            {
                "text": "restaurants in the area of Visakhapatnam",
                "intent": "findRestaurants_CLB",
                "entities": [
                    {
                        "end": 40,
                        "entity": "city",
                        "start": 27,
                        "value": "Visakhapatnam"
                    }
                ]
            },
            {
                "text": "hey please find me where to eat located at Meerut city thanks",
                "intent": "findRestaurants_CLB",
                "entities": [
                    {
                        "end": 49,
                        "entity": "city",
                        "start": 43,
                        "value": "Meerut"
                    }
                ]
            },
            {
                "text": "hi",
                "intent": "greet",
                "entities": []
            },
            {
                "text": "hello",
                "intent": "greet",
                "entities": []
            },
            {
                "text": "good morning how are you doing",
                "intent": "greet",
                "entities": []
            },
            {
                "text": "hello are you around",
                "intent": "greet",
                "entities": []
            },
            {
                "text": "hi good morning whatsup",
                "intent": "greet",
                "entities": []
            },
            {
                "text": "hey greetings sup",
                "intent": "greet",
                "entities": []
            },
            {
                "text": "hello good afternoon how are you doing",
                "intent": "greet",
                "entities": []
            },
            {
                "text": "hello good night how are things going",
                "intent": "greet",
                "entities": []
            },
            {
                "text": "hi good day are you there",
                "intent": "greet",
                "entities": []
            },
            {
                "text": "hey good afternoon how are things going",
                "intent": "greet",
                "entities": []
            },
            {
                "text": "hello are you around?",
                "intent": "greet",
                "entities": []
            },
            {
                "text": "hello whatsup",
                "intent": "greet",
                "entities": []
            },
            {
                "text": "hello greetings whats up",
                "intent": "greet",
                "entities": []
            },
            {
                "text": "hello greetings how is it going",
                "intent": "greet",
                "entities": []
            },
            {
                "text": "good night how are things going",
                "intent": "greet",
                "entities": []
            },
            {
                "text": "hello morning how are you doing",
                "intent": "greet",
                "entities": []
            },
            {
                "text": "hey good afternoon how is it going",
                "intent": "greet",
                "entities": []
            },
            {
                "text": "hey good afternoon whats up",
                "intent": "greet",
                "entities": []
            },
            {
                "text": "hi good afternoon are you there",
                "intent": "greet",
                "entities": []
            },
            {
                "text": "hey good morning sup",
                "intent": "greet",
                "entities": []
            },
            {
                "text": "morning how are you",
                "intent": "greet",
                "entities": []
            },
            {
                "text": "hello good night sup",
                "intent": "greet",
                "entities": []
            },
            {
                "text": "hello good day how are you doing",
                "intent": "greet",
                "entities": []
            },
            {
                "text": "hi good afternoon sup",
                "intent": "greet",
                "entities": []
            },
            {
                "text": "hey good morning whats up",
                "intent": "greet",
                "entities": []
            },
            {
                "text": "hi morning whats up",
                "intent": "greet",
                "entities": []
            },
            {
                "text": "hey good night whats up",
                "intent": "greet",
                "entities": []
            },
            {
                "text": "hey good day whats up",
                "intent": "greet",
                "entities": []
            },
            {
                "text": "hi good night how are you",
                "intent": "greet",
                "entities": []
            },
            {
                "text": "hey good morning how are you",
                "intent": "greet",
                "entities": []
            },
            {
                "text": "hi how is it going",
                "intent": "greet",
                "entities": []
            },
            {
                "text": "hi morning are you there",
                "intent": "greet",
                "entities": []
            },
            {
                "text": "hello good afternoon",
                "intent": "greet",
                "entities": []
            },
            {
                "text": "hi greetings whats up",
                "intent": "greet",
                "entities": []
            },
            {
                "text": "hello good morning whatsup",
                "intent": "greet",
                "entities": []
            },
            {
                "text": "hey good night sup",
                "intent": "greet",
                "entities": []
            },
            {
                "text": "hello how are you",
                "intent": "greet",
                "entities": []
            },
            {
                "text": "hey good day are you around?",
                "intent": "greet",
                "entities": []
            },
            {
                "text": "hello good afternoon whats up",
                "intent": "greet",
                "entities": []
            },
            {
                "text": "hey good night are you around",
                "intent": "greet",
                "entities": []
            },
            {
                "text": "hello good afternoon how are things going",
                "intent": "greet",
                "entities": []
            },
            {
                "text": "hi good day sup",
                "intent": "greet",
                "entities": []
            },
            {
                "text": "good morning sup",
                "intent": "greet",
                "entities": []
            },
            {
                "text": "hi good day",
                "intent": "greet",
                "entities": []
            },
            {
                "text": "hey morning how are you",
                "intent": "greet",
                "entities": []
            },
            {
                "text": "hi good morning",
                "intent": "greet",
                "entities": []
            },
            {
                "text": "hi are you around",
                "intent": "greet",
                "entities": []
            },
            {
                "text": "hello good afternoon sup",
                "intent": "greet",
                "entities": []
            },
            {
                "text": "good afternoon whatsup",
                "intent": "greet",
                "entities": []
            },
            {
                "text": "hey good morning are you there",
                "intent": "greet",
                "entities": []
            },
            {
                "text": "heading out",
                "intent": "bye",
                "entities": []
            },
            {
                "text": "bye",
                "intent": "bye",
                "entities": []
            },
            {
                "text": "im leaving now chau",
                "intent": "bye",
                "entities": []
            },
            {
                "text": "thanks farewell",
                "intent": "bye",
                "entities": []
            },
            {
                "text": "farewell",
                "intent": "bye",
                "entities": []
            },
            {
                "text": "leaving farewell",
                "intent": "bye",
                "entities": []
            },
            {
                "text": "adieu",
                "intent": "bye",
                "entities": []
            },
            {
                "text": "thanks adieu",
                "intent": "bye",
                "entities": []
            },
            {
                "text": "gtg",
                "intent": "bye",
                "entities": []
            },
            {
                "text": "im leaving now bye",
                "intent": "bye",
                "entities": []
            },
            {
                "text": "thank you chau",
                "intent": "bye",
                "entities": []
            },
            {
                "text": "heading out chao",
                "intent": "bye",
                "entities": []
            },
            {
                "text": "talk to you soon adieu",
                "intent": "bye",
                "entities": []
            },
            {
                "text": "got to go ttyl",
                "intent": "bye",
                "entities": []
            },
            {
                "text": "adieu thanks",
                "intent": "bye",
                "entities": []
            },
            {
                "text": "talk to you later chao",
                "intent": "bye",
                "entities": []
            },
            {
                "text": "got to go adieu",
                "intent": "bye",
                "entities": []
            },
            {
                "text": "got to go bye",
                "intent": "bye",
                "entities": []
            },
            {
                "text": "thank you ttyl",
                "intent": "bye",
                "entities": []
            },
            {
                "text": "thank you farewell",
                "intent": "bye",
                "entities": []
            },
            {
                "text": "talk to you later",
                "intent": "bye",
                "entities": []
            },
            {
                "text": "adios",
                "intent": "bye",
                "entities": []
            },
            {
                "text": "heading out adios",
                "intent": "bye",
                "entities": []
            },
            {
                "text": "talk to you later adieu",
                "intent": "bye",
                "entities": []
            },
            {
                "text": "ttyl",
                "intent": "bye",
                "entities": []
            },
            {
                "text": "farewell thanks",
                "intent": "bye",
                "entities": []
            },
            {
                "text": "ttyl thank you",
                "intent": "bye",
                "entities": []
            },
            {
                "text": "thanks chao",
                "intent": "bye",
                "entities": []
            },
            {
                "text": "heading out gtg",
                "intent": "bye",
                "entities": []
            },
            {
                "text": "goodbye",
                "intent": "bye",
                "entities": []
            },
            {
                "text": "going out chao",
                "intent": "bye",
                "entities": []
            },
            {
                "text": "thank you chao",
                "intent": "bye",
                "entities": []
            },
            {
                "text": "going out goodbye",
                "intent": "bye",
                "entities": []
            },
            {
                "text": "talk to you soon adios",
                "intent": "bye",
                "entities": []
            },
            {
                "text": "ttyl thanks",
                "intent": "bye",
                "entities": []
            },
            {
                "text": "talk to you later goodbye",
                "intent": "bye",
                "entities": []
            },
            {
                "text": "im leaving now gtg",
                "intent": "bye",
                "entities": []
            },
            {
                "text": "leaving bye",
                "intent": "bye",
                "entities": []
            },
            {
                "text": "got to go chao",
                "intent": "bye",
                "entities": []
            },
            {
                "text": "talk to you later bye",
                "intent": "bye",
                "entities": []
            },
            {
                "text": "got to go goodbye",
                "intent": "bye",
                "entities": []
            },
            {
                "text": "have to go chao",
                "intent": "bye",
                "entities": []
            },
            {
                "text": "gtg thanks",
                "intent": "bye",
                "entities": []
            },
            {
                "text": "im leaving now chao",
                "intent": "bye",
                "entities": []
            },
            {
                "text": "chau",
                "intent": "bye",
                "entities": []
            },
            {
                "text": "have to go",
                "intent": "bye",
                "entities": []
            },
            {
                "text": "chao thank you",
                "intent": "bye",
                "entities": []
            },
            {
                "text": "goodbye thank you",
                "intent": "bye",
                "entities": []
            },
            {
                "text": "thanks gtg",
                "intent": "bye",
                "entities": []
            },
            {
                "text": "leaving chao",
                "intent": "bye",
                "entities": []
            },
            {
                "text": "Yes please send to xyz@gmail.com",
                "intent": "affirmative",
                "entities": [
                    {
                        "end": 3,
                        "entity": "interested",
                        "start": 0,
                        "value": "Yes"
                    },
                    {
                        "end": 32,
                        "entity": "email",
                        "start": 19,
                        "value": "xyz@gmail.com"
                    }
                ]
            },
            {
                "text": "Yes this is my email xyz@gmail.com",
                "intent": "affirmative",
                "entities": [
                    {
                        "end": 3,
                        "entity": "interested",
                        "start": 0,
                        "value": "Yes"
                    },
                    {
                        "end": 34,
                        "entity": "email",
                        "start": 21,
                        "value": "xyz@gmail.com"
                    }
                ]
            },
            {
                "text": "Yes thanks send it to xyz@gmail.com",
                "intent": "affirmative",
                "entities": [
                    {
                        "end": 3,
                        "entity": "interested",
                        "start": 0,
                        "value": "Yes"
                    },
                    {
                        "end": 35,
                        "entity": "email",
                        "start": 22,
                        "value": "xyz@gmail.com"
                    }
                ]
            },
            {
                "text": "Yes please send it to xyz.abc@gmail.com",
                "intent": "affirmative",
                "entities": [
                    {
                        "end": 3,
                        "entity": "interested",
                        "start": 0,
                        "value": "Yes"
                    },
                    {
                        "end": 39,
                        "entity": "email",
                        "start": 22,
                        "value": "xyz.abc@gmail.com"
                    }
                ]
            },
            {
                "text": "Yes send to xyz.abc@gmail.com",
                "intent": "affirmative",
                "entities": [
                    {
                        "end": 3,
                        "entity": "interested",
                        "start": 0,
                        "value": "Yes"
                    },
                    {
                        "end": 29,
                        "entity": "email",
                        "start": 12,
                        "value": "xyz.abc@gmail.com"
                    }
                ]
            },
            {
                "text": "Yes this is my email xyz.abc@gmail.com",
                "intent": "affirmative",
                "entities": [
                    {
                        "end": 3,
                        "entity": "interested",
                        "start": 0,
                        "value": "Yes"
                    },
                    {
                        "end": 38,
                        "entity": "email",
                        "start": 21,
                        "value": "xyz.abc@gmail.com"
                    }
                ]
            },
            {
                "text": "Yes send it to xyz.abc@gmail.com",
                "intent": "affirmative",
                "entities": [
                    {
                        "end": 3,
                        "entity": "interested",
                        "start": 0,
                        "value": "Yes"
                    },
                    {
                        "end": 32,
                        "entity": "email",
                        "start": 15,
                        "value": "xyz.abc@gmail.com"
                    }
                ]
            },
            {
                "text": "Yes send the list to xyz.abc@gmail.com",
                "intent": "affirmative",
                "entities": [
                    {
                        "end": 3,
                        "entity": "interested",
                        "start": 0,
                        "value": "Yes"
                    },
                    {
                        "end": 38,
                        "entity": "email",
                        "start": 21,
                        "value": "xyz.abc@gmail.com"
                    }
                ]
            },
            {
                "text": "Yes send it to rahuldravid@yahoo.com",
                "intent": "affirmative",
                "entities": [
                    {
                        "end": 3,
                        "entity": "interested",
                        "start": 0,
                        "value": "Yes"
                    },
                    {
                        "end": 36,
                        "entity": "email",
                        "start": 15,
                        "value": "rahuldravid@yahoo.com"
                    }
                ]
            },
            {
                "text": "Yes thanks send it to rahuldravid@yahoo.com",
                "intent": "affirmative",
                "entities": [
                    {
                        "end": 3,
                        "entity": "interested",
                        "start": 0,
                        "value": "Yes"
                    },
                    {
                        "end": 43,
                        "entity": "email",
                        "start": 22,
                        "value": "rahuldravid@yahoo.com"
                    }
                ]
            },
            {
                "text": "Yes please send it to jajsj9@ddzzz.co.in",
                "intent": "affirmative",
                "entities": [
                    {
                        "end": 3,
                        "entity": "interested",
                        "start": 0,
                        "value": "Yes"
                    },
                    {
                        "end": 40,
                        "entity": "email",
                        "start": 22,
                        "value": "jajsj9@ddzzz.co.in"
                    }
                ]
            },
            {
                "text": "Yes please send to jajsj9@ddzzz.co.in",
                "intent": "affirmative",
                "entities": [
                    {
                        "end": 3,
                        "entity": "interested",
                        "start": 0,
                        "value": "Yes"
                    },
                    {
                        "end": 37,
                        "entity": "email",
                        "start": 19,
                        "value": "jajsj9@ddzzz.co.in"
                    }
                ]
            },
            {
                "text": "Yes send to jajsj9@ddzzz.co.in",
                "intent": "affirmative",
                "entities": [
                    {
                        "end": 3,
                        "entity": "interested",
                        "start": 0,
                        "value": "Yes"
                    },
                    {
                        "end": 30,
                        "entity": "email",
                        "start": 12,
                        "value": "jajsj9@ddzzz.co.in"
                    }
                ]
            },
            {
                "text": "Yes send the list to jajsj9@ddzzz.co.in",
                "intent": "affirmative",
                "entities": [
                    {
                        "end": 3,
                        "entity": "interested",
                        "start": 0,
                        "value": "Yes"
                    },
                    {
                        "end": 39,
                        "entity": "email",
                        "start": 21,
                        "value": "jajsj9@ddzzz.co.in"
                    }
                ]
            },
            {
                "text": "Yes please send to rahul.gandhi@ddzzz.co.in",
                "intent": "affirmative",
                "entities": [
                    {
                        "end": 3,
                        "entity": "interested",
                        "start": 0,
                        "value": "Yes"
                    },
                    {
                        "end": 43,
                        "entity": "email",
                        "start": 19,
                        "value": "rahul.gandhi@ddzzz.co.in"
                    }
                ]
            },
            {
                "text": "Yes send to rahul.gandhi@ddzzz.co.in",
                "intent": "affirmative",
                "entities": [
                    {
                        "end": 3,
                        "entity": "interested",
                        "start": 0,
                        "value": "Yes"
                    },
                    {
                        "end": 36,
                        "entity": "email",
                        "start": 12,
                        "value": "rahul.gandhi@ddzzz.co.in"
                    }
                ]
            },
            {
                "text": "Yes send it to rahul.gandhi@ddzzz.co.in",
                "intent": "affirmative",
                "entities": [
                    {
                        "end": 3,
                        "entity": "interested",
                        "start": 0,
                        "value": "Yes"
                    },
                    {
                        "end": 39,
                        "entity": "email",
                        "start": 15,
                        "value": "rahul.gandhi@ddzzz.co.in"
                    }
                ]
            },
            {
                "text": "Yes send the list to rahul.gandhi@ddzzz.co.in",
                "intent": "affirmative",
                "entities": [
                    {
                        "end": 3,
                        "entity": "interested",
                        "start": 0,
                        "value": "Yes"
                    },
                    {
                        "end": 45,
                        "entity": "email",
                        "start": 21,
                        "value": "rahul.gandhi@ddzzz.co.in"
                    }
                ]
            },
            {
                "text": "Yes please send it to students@eth.edu",
                "intent": "affirmative",
                "entities": [
                    {
                        "end": 3,
                        "entity": "interested",
                        "start": 0,
                        "value": "Yes"
                    },
                    {
                        "end": 38,
                        "entity": "email",
                        "start": 22,
                        "value": "students@eth.edu"
                    }
                ]
            },
            {
                "text": "Yes this is my email students@eth.edu",
                "intent": "affirmative",
                "entities": [
                    {
                        "end": 3,
                        "entity": "interested",
                        "start": 0,
                        "value": "Yes"
                    },
                    {
                        "end": 37,
                        "entity": "email",
                        "start": 21,
                        "value": "students@eth.edu"
                    }
                ]
            },
            {
                "text": "Yes send it to gordon.brown@gov.co.uk",
                "intent": "affirmative",
                "entities": [
                    {
                        "end": 3,
                        "entity": "interested",
                        "start": 0,
                        "value": "Yes"
                    },
                    {
                        "end": 37,
                        "entity": "email",
                        "start": 15,
                        "value": "gordon.brown@gov.co.uk"
                    }
                ]
            },
            {
                "text": "Yes please send to sachin.tendulkar@gov.in",
                "intent": "affirmative",
                "entities": [
                    {
                        "end": 3,
                        "entity": "interested",
                        "start": 0,
                        "value": "Yes"
                    },
                    {
                        "end": 42,
                        "entity": "email",
                        "start": 19,
                        "value": "sachin.tendulkar@gov.in"
                    }
                ]
            },
            {
                "text": "Yes this is my email sachin.tendulkar@gov.in",
                "intent": "affirmative",
                "entities": [
                    {
                        "end": 3,
                        "entity": "interested",
                        "start": 0,
                        "value": "Yes"
                    },
                    {
                        "end": 44,
                        "entity": "email",
                        "start": 21,
                        "value": "sachin.tendulkar@gov.in"
                    }
                ]
            },
            {
                "text": "Yes send the list to sachin.tendulkar@gov.in",
                "intent": "affirmative",
                "entities": [
                    {
                        "end": 3,
                        "entity": "interested",
                        "start": 0,
                        "value": "Yes"
                    },
                    {
                        "end": 44,
                        "entity": "email",
                        "start": 21,
                        "value": "sachin.tendulkar@gov.in"
                    }
                ]
            },
            {
                "text": "Yes thanks send it to sachin.tendulkar@gov.in",
                "intent": "affirmative",
                "entities": [
                    {
                        "end": 3,
                        "entity": "interested",
                        "start": 0,
                        "value": "Yes"
                    },
                    {
                        "end": 45,
                        "entity": "email",
                        "start": 22,
                        "value": "sachin.tendulkar@gov.in"
                    }
                ]
            },
            {
                "text": "Yes please send it to sunilgavaskar@hotmail.com",
                "intent": "affirmative",
                "entities": [
                    {
                        "end": 3,
                        "entity": "interested",
                        "start": 0,
                        "value": "Yes"
                    },
                    {
                        "end": 47,
                        "entity": "email",
                        "start": 22,
                        "value": "sunilgavaskar@hotmail.com"
                    }
                ]
            },
            {
                "text": "Yes please send to sunilgavaskar@hotmail.com",
                "intent": "affirmative",
                "entities": [
                    {
                        "end": 3,
                        "entity": "interested",
                        "start": 0,
                        "value": "Yes"
                    },
                    {
                        "end": 44,
                        "entity": "email",
                        "start": 19,
                        "value": "sunilgavaskar@hotmail.com"
                    }
                ]
            },
            {
                "text": "Yes send to sunilgavaskar@hotmail.com",
                "intent": "affirmative",
                "entities": [
                    {
                        "end": 3,
                        "entity": "interested",
                        "start": 0,
                        "value": "Yes"
                    },
                    {
                        "end": 37,
                        "entity": "email",
                        "start": 12,
                        "value": "sunilgavaskar@hotmail.com"
                    }
                ]
            },
            {
                "text": "Yes this is my email sunilgavaskar@hotmail.com",
                "intent": "affirmative",
                "entities": [
                    {
                        "end": 3,
                        "entity": "interested",
                        "start": 0,
                        "value": "Yes"
                    },
                    {
                        "end": 46,
                        "entity": "email",
                        "start": 21,
                        "value": "sunilgavaskar@hotmail.com"
                    }
                ]
            },
            {
                "text": "Yes send the list to sunilgavaskar@hotmail.com",
                "intent": "affirmative",
                "entities": [
                    {
                        "end": 3,
                        "entity": "interested",
                        "start": 0,
                        "value": "Yes"
                    },
                    {
                        "end": 46,
                        "entity": "email",
                        "start": 21,
                        "value": "sunilgavaskar@hotmail.com"
                    }
                ]
            },
            {
                "text": "Yes thanks send it to sunilgavaskar@hotmail.com",
                "intent": "affirmative",
                "entities": [
                    {
                        "end": 3,
                        "entity": "interested",
                        "start": 0,
                        "value": "Yes"
                    },
                    {
                        "end": 47,
                        "entity": "email",
                        "start": 22,
                        "value": "sunilgavaskar@hotmail.com"
                    }
                ]
            },
            {
                "text": "no",
                "intent": "negative",
                "entities": []
            },
            {
                "text": "nope",
                "intent": "negative",
                "entities": []
            },
            {
                "text": "that's not right",
                "intent": "negative",
                "entities": []
            },
            {
                "text": "don't need it",
                "intent": "negative",
                "entities": []
            },
            {
                "text": "my budget is anywhere lesser than 300",
                "intent": "budget",
                "entities": [
                    {
                        "end": 37,
                        "entity": "budget",
                        "start": 22,
                        "value": "lesser than 300"
                    }
                ]
            },
            {
                "text": "my budget is anywhere between 300 to 700",
                "intent": "budget",
                "entities": [
                    {
                        "end": 40,
                        "entity": "budget",
                        "start": 22,
                        "value": "between 300 to 700"
                    }
                ]
            },
            {
                "text": "i can spend between 300 to 700",
                "intent": "budget",
                "entities": [
                    {
                        "end": 30,
                        "entity": "budget",
                        "start": 12,
                        "value": "between 300 to 700"
                    }
                ]
            },
            {
                "text": "i have money between 300 to 700",
                "intent": "budget",
                "entities": [
                    {
                        "end": 31,
                        "entity": "budget",
                        "start": 13,
                        "value": "between 300 to 700"
                    }
                ]
            },
            {
                "text": "my budget is anywhere more than 700",
                "intent": "budget",
                "entities": [
                    {
                        "end": 35,
                        "entity": "budget",
                        "start": 22,
                        "value": "more than 700"
                    }
                ]
            },
            {
                "text": "my budget is more than 700",
                "intent": "budget",
                "entities": [
                    {
                        "end": 26,
                        "entity": "budget",
                        "start": 13,
                        "value": "more than 700"
                    }
                ]
            },
            {
                "text": "anything between more than 700",
                "intent": "budget",
                "entities": [
                    {
                        "end": 30,
                        "entity": "budget",
                        "start": 17,
                        "value": "more than 700"
                    }
                ]
            },
            {
                "text": "i can spend more than 700",
                "intent": "budget",
                "entities": [
                    {
                        "end": 25,
                        "entity": "budget",
                        "start": 12,
                        "value": "more than 700"
                    }
                ]
            },
            {
                "text": "i have money more than 700",
                "intent": "budget",
                "entities": [
                    {
                        "end": 26,
                        "entity": "budget",
                        "start": 13,
                        "value": "more than 700"
                    }
                ]
            }
        ]
    }
}